{"cameraMode":{"drawMode":0,"name":"Shaded","section":"Shading Mode"},"sceneLighting":true,"audioPlay":false,"sceneViewState":{"showFog":true,"showMaterialUpdate":false,"showSkybox":true,"showFlares":true,"showImageEffects":true,"showParticleSystems":true,"showVisualEffectGraphs":true,"m_FxEnabled":true},"in2DMode":false,"pivot":{"x":-10.774009704589844,"y":3.6687822341918947,"z":3.073345184326172},"rotation":{"x":0.1566380262374878,"y":-0.15633293986320496,"z":0.025113487616181375,"w":0.9748944044113159},"size":22.134746551513673,"orthographic":false}